--------------------------------------------------------
--  File created - Wednesday-January-08-2020   
--------------------------------------------------------
--------------------------------------------------------
--  DDL for Table DOCUMENT_TYPE
--------------------------------------------------------

  CREATE TABLE "HOTEL"."DOCUMENT_TYPE" 
   (	"ID" NUMBER(*,0) GENERATED BY DEFAULT AS IDENTITY MINVALUE 1 MAXVALUE 9999999999999999999999999999 INCREMENT BY 1 START WITH 1 NOCACHE  ORDER  CYCLE  NOKEEP  NOSCALE , 
	"NAME" VARCHAR2(30 CHAR) COLLATE "USING_NLS_COMP"
   )  DEFAULT COLLATION "USING_NLS_COMP" SEGMENT CREATION IMMEDIATE 
  PCTFREE 10 PCTUSED 40 INITRANS 1 MAXTRANS 255 
 NOCOMPRESS LOGGING
  STORAGE(INITIAL 65536 NEXT 1048576 MINEXTENTS 1 MAXEXTENTS 2147483645
  PCTINCREASE 0 FREELISTS 1 FREELIST GROUPS 1
  BUFFER_POOL DEFAULT FLASH_CACHE DEFAULT CELL_FLASH_CACHE DEFAULT)
  TABLESPACE "DATA" ;

   COMMENT ON TABLE "HOTEL"."DOCUMENT_TYPE"  IS 'Defines possible document types.';
--------------------------------------------------------
--  DDL for Table GUEST
--------------------------------------------------------

  CREATE TABLE "HOTEL"."GUEST" 
   (	"ID" NUMBER(*,0) GENERATED BY DEFAULT AS IDENTITY MINVALUE 1 MAXVALUE 9999999999999999999999999999 INCREMENT BY 1 START WITH 1 CACHE 1000 ORDER  CYCLE  NOKEEP  NOSCALE , 
	"FIRST_NAME" VARCHAR2(50 BYTE) COLLATE "USING_NLS_COMP", 
	"LAST_NAME" VARCHAR2(50 BYTE) COLLATE "USING_NLS_COMP", 
	"PHONE" NUMBER, 
	"EMAIL" VARCHAR2(100 BYTE) COLLATE "USING_NLS_COMP", 
	"NATIONALITY" VARCHAR2(50 BYTE) COLLATE "USING_NLS_COMP", 
	"DOCUMENT_ID" VARCHAR2(30 BYTE) COLLATE "USING_NLS_COMP", 
	"BIRTH_DATE" DATE, 
	"RESERVATION_ID" NUMBER(*,0), 
	"DOCUMENT_TYPE_ID" NUMBER(*,0), 
	"STATUS_ID" NUMBER(*,0)
   )  DEFAULT COLLATION "USING_NLS_COMP" SEGMENT CREATION IMMEDIATE 
  PCTFREE 10 PCTUSED 40 INITRANS 1 MAXTRANS 255 
 NOCOMPRESS LOGGING
  STORAGE(INITIAL 65536 NEXT 1048576 MINEXTENTS 1 MAXEXTENTS 2147483645
  PCTINCREASE 0 FREELISTS 1 FREELIST GROUPS 1
  BUFFER_POOL DEFAULT FLASH_CACHE DEFAULT CELL_FLASH_CACHE DEFAULT)
  TABLESPACE "DATA" ;

   COMMENT ON TABLE "HOTEL"."GUEST"  IS 'Stores information about guests.';
--------------------------------------------------------
--  DDL for Table GUEST_STATUS
--------------------------------------------------------

  CREATE TABLE "HOTEL"."GUEST_STATUS" 
   (	"ID" NUMBER(*,0) GENERATED BY DEFAULT AS IDENTITY MINVALUE 1 MAXVALUE 9999999999999999999999999999 INCREMENT BY 1 START WITH 1 NOCACHE  ORDER  NOCYCLE  NOKEEP  NOSCALE , 
	"STATUS_NAME" VARCHAR2(50 BYTE) COLLATE "USING_NLS_COMP", 
	"MULTIPLIER" NUMBER(3,2)
   )  DEFAULT COLLATION "USING_NLS_COMP" SEGMENT CREATION IMMEDIATE 
  PCTFREE 10 PCTUSED 40 INITRANS 1 MAXTRANS 255 
 NOCOMPRESS LOGGING
  STORAGE(INITIAL 65536 NEXT 1048576 MINEXTENTS 1 MAXEXTENTS 2147483645
  PCTINCREASE 0 FREELISTS 1 FREELIST GROUPS 1
  BUFFER_POOL DEFAULT FLASH_CACHE DEFAULT CELL_FLASH_CACHE DEFAULT)
  TABLESPACE "DATA" ;
--------------------------------------------------------
--  DDL for Table GUESTS_IN_RESERVATION
--------------------------------------------------------

  CREATE TABLE "HOTEL"."GUESTS_IN_RESERVATION" 
   (	"GUEST_ID" NUMBER(*,0), 
	"RESERVATION_ID" NUMBER(*,0)
   )  DEFAULT COLLATION "USING_NLS_COMP" SEGMENT CREATION IMMEDIATE 
  PCTFREE 10 PCTUSED 40 INITRANS 1 MAXTRANS 255 
 NOCOMPRESS LOGGING
  STORAGE(INITIAL 65536 NEXT 1048576 MINEXTENTS 1 MAXEXTENTS 2147483645
  PCTINCREASE 0 FREELISTS 1 FREELIST GROUPS 1
  BUFFER_POOL DEFAULT FLASH_CACHE DEFAULT CELL_FLASH_CACHE DEFAULT)
  TABLESPACE "DATA" ;

   COMMENT ON TABLE "HOTEL"."GUESTS_IN_RESERVATION"  IS 'Stores information about guests assigned to specific reservations.';
--------------------------------------------------------
--  DDL for Table PAYMENT
--------------------------------------------------------

  CREATE TABLE "HOTEL"."PAYMENT" 
   (	"ID" NUMBER(*,0) GENERATED BY DEFAULT AS IDENTITY MINVALUE 1 MAXVALUE 9999999999999999999999999999 INCREMENT BY 1 START WITH 1 CACHE 200 ORDER  CYCLE  NOKEEP  NOSCALE , 
	"AMOUNT" NUMBER, 
	"PAYMENT_TYPE_ID" NUMBER(*,0)
   )  DEFAULT COLLATION "USING_NLS_COMP" SEGMENT CREATION IMMEDIATE 
  PCTFREE 10 PCTUSED 40 INITRANS 1 MAXTRANS 255 
 NOCOMPRESS LOGGING
  STORAGE(INITIAL 65536 NEXT 1048576 MINEXTENTS 1 MAXEXTENTS 2147483645
  PCTINCREASE 0 FREELISTS 1 FREELIST GROUPS 1
  BUFFER_POOL DEFAULT FLASH_CACHE DEFAULT CELL_FLASH_CACHE DEFAULT)
  TABLESPACE "DATA" ;

   COMMENT ON TABLE "HOTEL"."PAYMENT"  IS 'Stores information about payments.';
--------------------------------------------------------
--  DDL for Table PAYMENT_TYPE
--------------------------------------------------------

  CREATE TABLE "HOTEL"."PAYMENT_TYPE" 
   (	"ID" NUMBER(*,0) GENERATED BY DEFAULT AS IDENTITY MINVALUE 1 MAXVALUE 9999999999999999999999999999 INCREMENT BY 1 START WITH 1 NOCACHE  ORDER  CYCLE  NOKEEP  NOSCALE , 
	"NAME" VARCHAR2(50 BYTE) COLLATE "USING_NLS_COMP"
   )  DEFAULT COLLATION "USING_NLS_COMP" SEGMENT CREATION IMMEDIATE 
  PCTFREE 10 PCTUSED 40 INITRANS 1 MAXTRANS 255 
 NOCOMPRESS LOGGING
  STORAGE(INITIAL 65536 NEXT 1048576 MINEXTENTS 1 MAXEXTENTS 2147483645
  PCTINCREASE 0 FREELISTS 1 FREELIST GROUPS 1
  BUFFER_POOL DEFAULT FLASH_CACHE DEFAULT CELL_FLASH_CACHE DEFAULT)
  TABLESPACE "DATA" ;

   COMMENT ON TABLE "HOTEL"."PAYMENT_TYPE"  IS 'Defines possible payment types.';
--------------------------------------------------------
--  DDL for Table PAYMENTS_FOR_RESERVATION
--------------------------------------------------------

  CREATE TABLE "HOTEL"."PAYMENTS_FOR_RESERVATION" 
   (	"RESERVATION_ID" NUMBER(*,0), 
	"PAYMENT_ID" NUMBER(*,0)
   )  DEFAULT COLLATION "USING_NLS_COMP" SEGMENT CREATION IMMEDIATE 
  PCTFREE 10 PCTUSED 40 INITRANS 1 MAXTRANS 255 
 NOCOMPRESS LOGGING
  STORAGE(INITIAL 65536 NEXT 1048576 MINEXTENTS 1 MAXEXTENTS 2147483645
  PCTINCREASE 0 FREELISTS 1 FREELIST GROUPS 1
  BUFFER_POOL DEFAULT FLASH_CACHE DEFAULT CELL_FLASH_CACHE DEFAULT)
  TABLESPACE "DATA" ;

   COMMENT ON TABLE "HOTEL"."PAYMENTS_FOR_RESERVATION"  IS 'Stores informations about payments (including partial payments) for reservations.';
--------------------------------------------------------
--  DDL for Table RESERVATION
--------------------------------------------------------

  CREATE TABLE "HOTEL"."RESERVATION" 
   (	"ID" NUMBER(*,0) GENERATED BY DEFAULT AS IDENTITY MINVALUE 1 MAXVALUE 9999999999999999999999999999 INCREMENT BY 1 START WITH 1 CACHE 100 ORDER  CYCLE  NOKEEP  NOSCALE , 
	"CREATION_DATE" DATE, 
	"CHECKIN_DATE" DATE, 
	"CHECKOUT_DATE" DATE, 
	"ROOM_ID" NUMBER(*,0), 
	"RESERVATION_STATUS_ID" NUMBER(*,0), 
	"PRICE" NUMBER(12,2)
   )  DEFAULT COLLATION "USING_NLS_COMP" SEGMENT CREATION IMMEDIATE 
  PCTFREE 10 PCTUSED 40 INITRANS 1 MAXTRANS 255 
 NOCOMPRESS LOGGING
  STORAGE(INITIAL 65536 NEXT 1048576 MINEXTENTS 1 MAXEXTENTS 2147483645
  PCTINCREASE 0 FREELISTS 1 FREELIST GROUPS 1
  BUFFER_POOL DEFAULT FLASH_CACHE DEFAULT CELL_FLASH_CACHE DEFAULT)
  TABLESPACE "DATA" ;

   COMMENT ON TABLE "HOTEL"."RESERVATION"  IS 'Stores information about reservations.';
--------------------------------------------------------
--  DDL for Table RESERVATION_STATUS
--------------------------------------------------------

  CREATE TABLE "HOTEL"."RESERVATION_STATUS" 
   (	"ID" NUMBER(*,0) GENERATED BY DEFAULT AS IDENTITY MINVALUE 1 MAXVALUE 9999999999999999999999999999 INCREMENT BY 1 START WITH 1 NOCACHE  ORDER  CYCLE  NOKEEP  NOSCALE , 
	"NAME" VARCHAR2(50 BYTE) COLLATE "USING_NLS_COMP"
   )  DEFAULT COLLATION "USING_NLS_COMP" SEGMENT CREATION IMMEDIATE 
  PCTFREE 10 PCTUSED 40 INITRANS 1 MAXTRANS 255 
 NOCOMPRESS LOGGING
  STORAGE(INITIAL 65536 NEXT 1048576 MINEXTENTS 1 MAXEXTENTS 2147483645
  PCTINCREASE 0 FREELISTS 1 FREELIST GROUPS 1
  BUFFER_POOL DEFAULT FLASH_CACHE DEFAULT CELL_FLASH_CACHE DEFAULT)
  TABLESPACE "DATA" ;

   COMMENT ON TABLE "HOTEL"."RESERVATION_STATUS"  IS 'Defines possible reservation statuses.';
--------------------------------------------------------
--  DDL for Table ROOM
--------------------------------------------------------

  CREATE TABLE "HOTEL"."ROOM" 
   (	"ID" NUMBER(*,0), 
	"MAX_TENANTS" NUMBER(*,0), 
	"ROOM_TYPE_ID" NUMBER(*,0)
   )  DEFAULT COLLATION "USING_NLS_COMP" SEGMENT CREATION IMMEDIATE 
  PCTFREE 10 PCTUSED 40 INITRANS 1 MAXTRANS 255 
 NOCOMPRESS LOGGING
  STORAGE(INITIAL 65536 NEXT 1048576 MINEXTENTS 1 MAXEXTENTS 2147483645
  PCTINCREASE 0 FREELISTS 1 FREELIST GROUPS 1
  BUFFER_POOL DEFAULT FLASH_CACHE DEFAULT CELL_FLASH_CACHE DEFAULT)
  TABLESPACE "DATA" ;

   COMMENT ON TABLE "HOTEL"."ROOM"  IS 'Stores information about rooms.';
--------------------------------------------------------
--  DDL for Table ROOM_TYPE
--------------------------------------------------------

  CREATE TABLE "HOTEL"."ROOM_TYPE" 
   (	"ID" NUMBER(*,0) GENERATED BY DEFAULT AS IDENTITY MINVALUE 1 MAXVALUE 9999999999999999999999999999 INCREMENT BY 1 START WITH 1 NOCACHE  ORDER  CYCLE  NOKEEP  NOSCALE , 
	"NAME" VARCHAR2(50 BYTE) COLLATE "USING_NLS_COMP", 
	"BASE_PRICE" NUMBER
   )  DEFAULT COLLATION "USING_NLS_COMP" SEGMENT CREATION IMMEDIATE 
  PCTFREE 10 PCTUSED 40 INITRANS 1 MAXTRANS 255 
 NOCOMPRESS LOGGING
  STORAGE(INITIAL 65536 NEXT 1048576 MINEXTENTS 1 MAXEXTENTS 2147483645
  PCTINCREASE 0 FREELISTS 1 FREELIST GROUPS 1
  BUFFER_POOL DEFAULT FLASH_CACHE DEFAULT CELL_FLASH_CACHE DEFAULT)
  TABLESPACE "DATA" ;

   COMMENT ON TABLE "HOTEL"."ROOM_TYPE"  IS 'Defines possible room types.';
--------------------------------------------------------
--  DDL for Table SEASON_PRICING
--------------------------------------------------------

  CREATE TABLE "HOTEL"."SEASON_PRICING" 
   (	"ID" NUMBER(*,0) GENERATED BY DEFAULT AS IDENTITY MINVALUE 1 MAXVALUE 9999999999999999999999999999 INCREMENT BY 1 START WITH 1 NOCACHE  ORDER  CYCLE  NOKEEP  NOSCALE , 
	"START_DATE" DATE, 
	"END_DATE" DATE, 
	"MULTIPLIER" NUMBER
   )  DEFAULT COLLATION "USING_NLS_COMP" SEGMENT CREATION IMMEDIATE 
  PCTFREE 10 PCTUSED 40 INITRANS 1 MAXTRANS 255 
 NOCOMPRESS LOGGING
  STORAGE(INITIAL 65536 NEXT 1048576 MINEXTENTS 1 MAXEXTENTS 2147483645
  PCTINCREASE 0 FREELISTS 1 FREELIST GROUPS 1
  BUFFER_POOL DEFAULT FLASH_CACHE DEFAULT CELL_FLASH_CACHE DEFAULT)
  TABLESPACE "DATA" ;

   COMMENT ON TABLE "HOTEL"."SEASON_PRICING"  IS 'Defines the pricing depending on the season.';
REM INSERTING into HOTEL.DOCUMENT_TYPE
SET DEFINE OFF;
Insert into HOTEL.DOCUMENT_TYPE (ID,NAME) values (1,'ID card');
Insert into HOTEL.DOCUMENT_TYPE (ID,NAME) values (2,'Passport');
Insert into HOTEL.DOCUMENT_TYPE (ID,NAME) values (3,'Student ID');
Insert into HOTEL.DOCUMENT_TYPE (ID,NAME) values (4,'Driving licence');
REM INSERTING into HOTEL.GUEST
SET DEFINE OFF;
Insert into HOTEL.GUEST (ID,FIRST_NAME,LAST_NAME,PHONE,EMAIL,NATIONALITY,DOCUMENT_ID,BIRTH_DATE,RESERVATION_ID,DOCUMENT_TYPE_ID,STATUS_ID) values (1,'John','Doe',111222333,'johndoe@mail.com','English','JFV5R3',to_date('03-MAY-90','DD-MON-RR'),1,1,5);
Insert into HOTEL.GUEST (ID,FIRST_NAME,LAST_NAME,PHONE,EMAIL,NATIONALITY,DOCUMENT_ID,BIRTH_DATE,RESERVATION_ID,DOCUMENT_TYPE_ID,STATUS_ID) values (2,'Jane','Done',111222335,'janed@mail.com','English','GFV433',to_date('08-NOV-82','DD-MON-RR'),2,1,1);
Insert into HOTEL.GUEST (ID,FIRST_NAME,LAST_NAME,PHONE,EMAIL,NATIONALITY,DOCUMENT_ID,BIRTH_DATE,RESERVATION_ID,DOCUMENT_TYPE_ID,STATUS_ID) values (3,'Hannah','Drewton',551222333,'hannah@mail.com','English','GETER3',to_date('12-JUN-91','DD-MON-RR'),3,2,3);
Insert into HOTEL.GUEST (ID,FIRST_NAME,LAST_NAME,PHONE,EMAIL,NATIONALITY,DOCUMENT_ID,BIRTH_DATE,RESERVATION_ID,DOCUMENT_TYPE_ID,STATUS_ID) values (4,'David','Drewton',751226343,'dvddrw@mail.com','English','94TER3',to_date('21-FEB-75','DD-MON-RR'),4,1,2);
Insert into HOTEL.GUEST (ID,FIRST_NAME,LAST_NAME,PHONE,EMAIL,NATIONALITY,DOCUMENT_ID,BIRTH_DATE,RESERVATION_ID,DOCUMENT_TYPE_ID,STATUS_ID) values (5,'Staycey','McKenzie',123456789,'stackie@mymail.com','American','00TETDSFD',to_date('14-MAR-90','DD-MON-RR'),5,2,3);
Insert into HOTEL.GUEST (ID,FIRST_NAME,LAST_NAME,PHONE,EMAIL,NATIONALITY,DOCUMENT_ID,BIRTH_DATE,RESERVATION_ID,DOCUMENT_TYPE_ID,STATUS_ID) values (6,'Brian','Goldwood',486205369,'bgoldwood@mail.co.uk','English','G64FETB3',to_date('23-MAY-78','DD-MON-RR'),6,2,2);
Insert into HOTEL.GUEST (ID,FIRST_NAME,LAST_NAME,PHONE,EMAIL,NATIONALITY,DOCUMENT_ID,BIRTH_DATE,RESERVATION_ID,DOCUMENT_TYPE_ID,STATUS_ID) values (7,'Patrycja','Kowalska',548413645,'patikovaa@mojapoczta.pl','Polish','YYHH654',to_date('18-AUG-89','DD-MON-RR'),7,1,3);
Insert into HOTEL.GUEST (ID,FIRST_NAME,LAST_NAME,PHONE,EMAIL,NATIONALITY,DOCUMENT_ID,BIRTH_DATE,RESERVATION_ID,DOCUMENT_TYPE_ID,STATUS_ID) values (8,'Mariusz','Tracz',825390716,'kolejarz87@mail.com','Polish','647HHRRK5',to_date('01-OCT-85','DD-MON-RR'),8,1,3);
Insert into HOTEL.GUEST (ID,FIRST_NAME,LAST_NAME,PHONE,EMAIL,NATIONALITY,DOCUMENT_ID,BIRTH_DATE,RESERVATION_ID,DOCUMENT_TYPE_ID,STATUS_ID) values (9,'Anna','Graczyk',563093673,'anka777@poczta.pl','Polish','T3RETR435',to_date('28-SEP-98','DD-MON-RR'),9,1,5);
Insert into HOTEL.GUEST (ID,FIRST_NAME,LAST_NAME,PHONE,EMAIL,NATIONALITY,DOCUMENT_ID,BIRTH_DATE,RESERVATION_ID,DOCUMENT_TYPE_ID,STATUS_ID) values (10,'Karol','Nowak',762111335,'k.nowak@poczta.pl','Polish','H3V421',to_date('10-JUL-92','DD-MON-RR'),10,2,1);
REM INSERTING into HOTEL.GUEST_STATUS
SET DEFINE OFF;
Insert into HOTEL.GUEST_STATUS (ID,STATUS_NAME,MULTIPLIER) values (1,'bronze',1);
Insert into HOTEL.GUEST_STATUS (ID,STATUS_NAME,MULTIPLIER) values (2,'silver',0.95);
Insert into HOTEL.GUEST_STATUS (ID,STATUS_NAME,MULTIPLIER) values (3,'gold',0.9);
Insert into HOTEL.GUEST_STATUS (ID,STATUS_NAME,MULTIPLIER) values (4,'diamond',0.85);
Insert into HOTEL.GUEST_STATUS (ID,STATUS_NAME,MULTIPLIER) values (5,'platinum',0.8);
REM INSERTING into HOTEL.GUESTS_IN_RESERVATION
SET DEFINE OFF;
Insert into HOTEL.GUESTS_IN_RESERVATION (GUEST_ID,RESERVATION_ID) values (1,1);
Insert into HOTEL.GUESTS_IN_RESERVATION (GUEST_ID,RESERVATION_ID) values (2,2);
Insert into HOTEL.GUESTS_IN_RESERVATION (GUEST_ID,RESERVATION_ID) values (3,3);
Insert into HOTEL.GUESTS_IN_RESERVATION (GUEST_ID,RESERVATION_ID) values (4,4);
Insert into HOTEL.GUESTS_IN_RESERVATION (GUEST_ID,RESERVATION_ID) values (5,10);
REM INSERTING into HOTEL.PAYMENT
SET DEFINE OFF;
Insert into HOTEL.PAYMENT (ID,AMOUNT,PAYMENT_TYPE_ID) values (1,70,1);
Insert into HOTEL.PAYMENT (ID,AMOUNT,PAYMENT_TYPE_ID) values (2,70,2);
Insert into HOTEL.PAYMENT (ID,AMOUNT,PAYMENT_TYPE_ID) values (3,70,1);
Insert into HOTEL.PAYMENT (ID,AMOUNT,PAYMENT_TYPE_ID) values (4,70,3);
Insert into HOTEL.PAYMENT (ID,AMOUNT,PAYMENT_TYPE_ID) values (5,70,6);
Insert into HOTEL.PAYMENT (ID,AMOUNT,PAYMENT_TYPE_ID) values (6,150,1);
Insert into HOTEL.PAYMENT (ID,AMOUNT,PAYMENT_TYPE_ID) values (7,150,4);
Insert into HOTEL.PAYMENT (ID,AMOUNT,PAYMENT_TYPE_ID) values (8,200,5);
Insert into HOTEL.PAYMENT (ID,AMOUNT,PAYMENT_TYPE_ID) values (9,200,1);
Insert into HOTEL.PAYMENT (ID,AMOUNT,PAYMENT_TYPE_ID) values (10,300,6);
Insert into HOTEL.PAYMENT (ID,AMOUNT,PAYMENT_TYPE_ID) values (11,350,2);
REM INSERTING into HOTEL.PAYMENT_TYPE
SET DEFINE OFF;
Insert into HOTEL.PAYMENT_TYPE (ID,NAME) values (1,'Cash');
Insert into HOTEL.PAYMENT_TYPE (ID,NAME) values (2,'Bank transfer');
Insert into HOTEL.PAYMENT_TYPE (ID,NAME) values (3,'Cheque');
Insert into HOTEL.PAYMENT_TYPE (ID,NAME) values (4,'Card');
Insert into HOTEL.PAYMENT_TYPE (ID,NAME) values (5,'PayPal');
Insert into HOTEL.PAYMENT_TYPE (ID,NAME) values (6,'Mobile payment');
REM INSERTING into HOTEL.PAYMENTS_FOR_RESERVATION
SET DEFINE OFF;
Insert into HOTEL.PAYMENTS_FOR_RESERVATION (RESERVATION_ID,PAYMENT_ID) values (1,1);
Insert into HOTEL.PAYMENTS_FOR_RESERVATION (RESERVATION_ID,PAYMENT_ID) values (2,2);
Insert into HOTEL.PAYMENTS_FOR_RESERVATION (RESERVATION_ID,PAYMENT_ID) values (3,3);
Insert into HOTEL.PAYMENTS_FOR_RESERVATION (RESERVATION_ID,PAYMENT_ID) values (4,4);
Insert into HOTEL.PAYMENTS_FOR_RESERVATION (RESERVATION_ID,PAYMENT_ID) values (10,10);
REM INSERTING into HOTEL.RESERVATION
SET DEFINE OFF;
Insert into HOTEL.RESERVATION (ID,CREATION_DATE,CHECKIN_DATE,CHECKOUT_DATE,ROOM_ID,RESERVATION_STATUS_ID,PRICE) values (1,to_date('03-MAY-20','DD-MON-RR'),to_date('21-MAY-20','DD-MON-RR'),to_date('30-MAY-20','DD-MON-RR'),101,1,70);
Insert into HOTEL.RESERVATION (ID,CREATION_DATE,CHECKIN_DATE,CHECKOUT_DATE,ROOM_ID,RESERVATION_STATUS_ID,PRICE) values (2,to_date('10-SEP-20','DD-MON-RR'),to_date('10-SEP-20','DD-MON-RR'),to_date('20-SEP-20','DD-MON-RR'),102,3,70);
Insert into HOTEL.RESERVATION (ID,CREATION_DATE,CHECKIN_DATE,CHECKOUT_DATE,ROOM_ID,RESERVATION_STATUS_ID,PRICE) values (3,to_date('08-JUL-20','DD-MON-RR'),to_date('10-AUG-20','DD-MON-RR'),to_date('20-AUG-20','DD-MON-RR'),103,1,70);
Insert into HOTEL.RESERVATION (ID,CREATION_DATE,CHECKIN_DATE,CHECKOUT_DATE,ROOM_ID,RESERVATION_STATUS_ID,PRICE) values (4,to_date('08-JAN-20','DD-MON-RR'),to_date('08-JAN-20','DD-MON-RR'),to_date('15-JAN-20','DD-MON-RR'),201,3,70);
Insert into HOTEL.RESERVATION (ID,CREATION_DATE,CHECKIN_DATE,CHECKOUT_DATE,ROOM_ID,RESERVATION_STATUS_ID,PRICE) values (5,to_date('15-MAR-20','DD-MON-RR'),to_date('15-MAR-20','DD-MON-RR'),to_date('20-MAR-20','DD-MON-RR'),202,1,70);
Insert into HOTEL.RESERVATION (ID,CREATION_DATE,CHECKIN_DATE,CHECKOUT_DATE,ROOM_ID,RESERVATION_STATUS_ID,PRICE) values (6,to_date('07-FEB-20','DD-MON-RR'),to_date('07-FEB-20','DD-MON-RR'),to_date('11-FEB-20','DD-MON-RR'),104,1,150);
Insert into HOTEL.RESERVATION (ID,CREATION_DATE,CHECKIN_DATE,CHECKOUT_DATE,ROOM_ID,RESERVATION_STATUS_ID,PRICE) values (7,to_date('08-MAR-20','DD-MON-RR'),to_date('10-APR-20','DD-MON-RR'),to_date('16-APR-20','DD-MON-RR'),204,2,150);
Insert into HOTEL.RESERVATION (ID,CREATION_DATE,CHECKIN_DATE,CHECKOUT_DATE,ROOM_ID,RESERVATION_STATUS_ID,PRICE) values (8,to_date('22-JUN-20','DD-MON-RR'),to_date('22-JUN-20','DD-MON-RR'),to_date('30-JUN-20','DD-MON-RR'),109,1,300);
Insert into HOTEL.RESERVATION (ID,CREATION_DATE,CHECKIN_DATE,CHECKOUT_DATE,ROOM_ID,RESERVATION_STATUS_ID,PRICE) values (9,to_date('07-JUL-20','DD-MON-RR'),to_date('12-JUL-20','DD-MON-RR'),to_date('18-JUL-20','DD-MON-RR'),211,1,350);
Insert into HOTEL.RESERVATION (ID,CREATION_DATE,CHECKIN_DATE,CHECKOUT_DATE,ROOM_ID,RESERVATION_STATUS_ID,PRICE) values (10,to_date('07-OCT-20','DD-MON-RR'),to_date('05-NOV-20','DD-MON-RR'),to_date('14-NOV-20','DD-MON-RR'),207,1,200);
Insert into HOTEL.RESERVATION (ID,CREATION_DATE,CHECKIN_DATE,CHECKOUT_DATE,ROOM_ID,RESERVATION_STATUS_ID,PRICE) values (11,to_date('12-NOV-20','DD-MON-RR'),to_date('12-NOV-20','DD-MON-RR'),to_date('19-NOV-20','DD-MON-RR'),208,1,150);
REM INSERTING into HOTEL.RESERVATION_STATUS
SET DEFINE OFF;
Insert into HOTEL.RESERVATION_STATUS (ID,NAME) values (1,'unpaid');
Insert into HOTEL.RESERVATION_STATUS (ID,NAME) values (2,'partially_paid');
Insert into HOTEL.RESERVATION_STATUS (ID,NAME) values (3,'confirmed');
Insert into HOTEL.RESERVATION_STATUS (ID,NAME) values (4,'active');
Insert into HOTEL.RESERVATION_STATUS (ID,NAME) values (5,'completed');
Insert into HOTEL.RESERVATION_STATUS (ID,NAME) values (6,'cancelled');
Insert into HOTEL.RESERVATION_STATUS (ID,NAME) values (7,'no_show');
REM INSERTING into HOTEL.ROOM
SET DEFINE OFF;
Insert into HOTEL.ROOM (ID,MAX_TENANTS,ROOM_TYPE_ID) values (101,1,1);
Insert into HOTEL.ROOM (ID,MAX_TENANTS,ROOM_TYPE_ID) values (102,1,1);
Insert into HOTEL.ROOM (ID,MAX_TENANTS,ROOM_TYPE_ID) values (103,1,1);
Insert into HOTEL.ROOM (ID,MAX_TENANTS,ROOM_TYPE_ID) values (104,2,2);
Insert into HOTEL.ROOM (ID,MAX_TENANTS,ROOM_TYPE_ID) values (105,2,2);
Insert into HOTEL.ROOM (ID,MAX_TENANTS,ROOM_TYPE_ID) values (106,2,3);
Insert into HOTEL.ROOM (ID,MAX_TENANTS,ROOM_TYPE_ID) values (107,2,3);
Insert into HOTEL.ROOM (ID,MAX_TENANTS,ROOM_TYPE_ID) values (108,2,3);
Insert into HOTEL.ROOM (ID,MAX_TENANTS,ROOM_TYPE_ID) values (109,3,4);
Insert into HOTEL.ROOM (ID,MAX_TENANTS,ROOM_TYPE_ID) values (110,3,4);
Insert into HOTEL.ROOM (ID,MAX_TENANTS,ROOM_TYPE_ID) values (111,4,5);
Insert into HOTEL.ROOM (ID,MAX_TENANTS,ROOM_TYPE_ID) values (201,1,1);
Insert into HOTEL.ROOM (ID,MAX_TENANTS,ROOM_TYPE_ID) values (202,1,1);
Insert into HOTEL.ROOM (ID,MAX_TENANTS,ROOM_TYPE_ID) values (203,1,1);
Insert into HOTEL.ROOM (ID,MAX_TENANTS,ROOM_TYPE_ID) values (204,2,2);
Insert into HOTEL.ROOM (ID,MAX_TENANTS,ROOM_TYPE_ID) values (205,2,2);
Insert into HOTEL.ROOM (ID,MAX_TENANTS,ROOM_TYPE_ID) values (206,2,3);
Insert into HOTEL.ROOM (ID,MAX_TENANTS,ROOM_TYPE_ID) values (207,2,3);
Insert into HOTEL.ROOM (ID,MAX_TENANTS,ROOM_TYPE_ID) values (208,2,3);
Insert into HOTEL.ROOM (ID,MAX_TENANTS,ROOM_TYPE_ID) values (209,3,4);
Insert into HOTEL.ROOM (ID,MAX_TENANTS,ROOM_TYPE_ID) values (210,3,4);
Insert into HOTEL.ROOM (ID,MAX_TENANTS,ROOM_TYPE_ID) values (211,4,5);
REM INSERTING into HOTEL.ROOM_TYPE
SET DEFINE OFF;
Insert into HOTEL.ROOM_TYPE (ID,NAME,BASE_PRICE) values (1,'Single',70);
Insert into HOTEL.ROOM_TYPE (ID,NAME,BASE_PRICE) values (2,'King',150);
Insert into HOTEL.ROOM_TYPE (ID,NAME,BASE_PRICE) values (3,'Twin',200);
Insert into HOTEL.ROOM_TYPE (ID,NAME,BASE_PRICE) values (4,'Mini suite',300);
Insert into HOTEL.ROOM_TYPE (ID,NAME,BASE_PRICE) values (5,'Master suite',350);
REM INSERTING into HOTEL.SEASON_PRICING
SET DEFINE OFF;
Insert into HOTEL.SEASON_PRICING (ID,START_DATE,END_DATE,MULTIPLIER) values (1,to_date('20-DEC-20','DD-MON-RR'),to_date('03-JAN-20','DD-MON-RR'),1.8);
Insert into HOTEL.SEASON_PRICING (ID,START_DATE,END_DATE,MULTIPLIER) values (2,to_date('01-JUN-20','DD-MON-RR'),to_date('01-SEP-20','DD-MON-RR'),1.5);
Insert into HOTEL.SEASON_PRICING (ID,START_DATE,END_DATE,MULTIPLIER) values (3,to_date('01-MAY-20','DD-MON-RR'),to_date('04-MAY-20','DD-MON-RR'),1.2);
--------------------------------------------------------
--  DDL for Index DOCUMENT_TYPE_PK
--------------------------------------------------------

  CREATE UNIQUE INDEX "HOTEL"."DOCUMENT_TYPE_PK" ON "HOTEL"."DOCUMENT_TYPE" ("ID") 
  PCTFREE 10 INITRANS 2 MAXTRANS 255 COMPUTE STATISTICS 
  STORAGE(INITIAL 65536 NEXT 1048576 MINEXTENTS 1 MAXEXTENTS 2147483645
  PCTINCREASE 0 FREELISTS 1 FREELIST GROUPS 1
  BUFFER_POOL DEFAULT FLASH_CACHE DEFAULT CELL_FLASH_CACHE DEFAULT)
  TABLESPACE "DATA" ;
--------------------------------------------------------
--  DDL for Index GUEST_PK
--------------------------------------------------------

  CREATE UNIQUE INDEX "HOTEL"."GUEST_PK" ON "HOTEL"."GUEST" ("ID") 
  PCTFREE 10 INITRANS 2 MAXTRANS 255 COMPUTE STATISTICS 
  STORAGE(INITIAL 65536 NEXT 1048576 MINEXTENTS 1 MAXEXTENTS 2147483645
  PCTINCREASE 0 FREELISTS 1 FREELIST GROUPS 1
  BUFFER_POOL DEFAULT FLASH_CACHE DEFAULT CELL_FLASH_CACHE DEFAULT)
  TABLESPACE "DATA" ;
--------------------------------------------------------
--  DDL for Index STATUS_PK
--------------------------------------------------------

  CREATE UNIQUE INDEX "HOTEL"."STATUS_PK" ON "HOTEL"."GUEST_STATUS" ("ID") 
  PCTFREE 10 INITRANS 2 MAXTRANS 255 COMPUTE STATISTICS 
  STORAGE(INITIAL 65536 NEXT 1048576 MINEXTENTS 1 MAXEXTENTS 2147483645
  PCTINCREASE 0 FREELISTS 1 FREELIST GROUPS 1
  BUFFER_POOL DEFAULT FLASH_CACHE DEFAULT CELL_FLASH_CACHE DEFAULT)
  TABLESPACE "DATA" ;
--------------------------------------------------------
--  DDL for Index GUESTS_IN_RESERVATION_PK
--------------------------------------------------------

  CREATE UNIQUE INDEX "HOTEL"."GUESTS_IN_RESERVATION_PK" ON "HOTEL"."GUESTS_IN_RESERVATION" ("GUEST_ID", "RESERVATION_ID") 
  PCTFREE 10 INITRANS 2 MAXTRANS 255 COMPUTE STATISTICS 
  STORAGE(INITIAL 65536 NEXT 1048576 MINEXTENTS 1 MAXEXTENTS 2147483645
  PCTINCREASE 0 FREELISTS 1 FREELIST GROUPS 1
  BUFFER_POOL DEFAULT FLASH_CACHE DEFAULT CELL_FLASH_CACHE DEFAULT)
  TABLESPACE "DATA" ;
--------------------------------------------------------
--  DDL for Index PAYMENT_PK
--------------------------------------------------------

  CREATE UNIQUE INDEX "HOTEL"."PAYMENT_PK" ON "HOTEL"."PAYMENT" ("ID") 
  PCTFREE 10 INITRANS 2 MAXTRANS 255 COMPUTE STATISTICS 
  STORAGE(INITIAL 65536 NEXT 1048576 MINEXTENTS 1 MAXEXTENTS 2147483645
  PCTINCREASE 0 FREELISTS 1 FREELIST GROUPS 1
  BUFFER_POOL DEFAULT FLASH_CACHE DEFAULT CELL_FLASH_CACHE DEFAULT)
  TABLESPACE "DATA" ;
--------------------------------------------------------
--  DDL for Index PAYMENT_TYPE_PK
--------------------------------------------------------

  CREATE UNIQUE INDEX "HOTEL"."PAYMENT_TYPE_PK" ON "HOTEL"."PAYMENT_TYPE" ("ID") 
  PCTFREE 10 INITRANS 2 MAXTRANS 255 COMPUTE STATISTICS 
  STORAGE(INITIAL 65536 NEXT 1048576 MINEXTENTS 1 MAXEXTENTS 2147483645
  PCTINCREASE 0 FREELISTS 1 FREELIST GROUPS 1
  BUFFER_POOL DEFAULT FLASH_CACHE DEFAULT CELL_FLASH_CACHE DEFAULT)
  TABLESPACE "DATA" ;
--------------------------------------------------------
--  DDL for Index PAYMENTS_FOR_RESERVATION_PK
--------------------------------------------------------

  CREATE UNIQUE INDEX "HOTEL"."PAYMENTS_FOR_RESERVATION_PK" ON "HOTEL"."PAYMENTS_FOR_RESERVATION" ("PAYMENT_ID", "RESERVATION_ID") 
  PCTFREE 10 INITRANS 2 MAXTRANS 255 COMPUTE STATISTICS 
  STORAGE(INITIAL 65536 NEXT 1048576 MINEXTENTS 1 MAXEXTENTS 2147483645
  PCTINCREASE 0 FREELISTS 1 FREELIST GROUPS 1
  BUFFER_POOL DEFAULT FLASH_CACHE DEFAULT CELL_FLASH_CACHE DEFAULT)
  TABLESPACE "DATA" ;
--------------------------------------------------------
--  DDL for Index RESERVATION_PK
--------------------------------------------------------

  CREATE UNIQUE INDEX "HOTEL"."RESERVATION_PK" ON "HOTEL"."RESERVATION" ("ID") 
  PCTFREE 10 INITRANS 2 MAXTRANS 255 COMPUTE STATISTICS 
  STORAGE(INITIAL 65536 NEXT 1048576 MINEXTENTS 1 MAXEXTENTS 2147483645
  PCTINCREASE 0 FREELISTS 1 FREELIST GROUPS 1
  BUFFER_POOL DEFAULT FLASH_CACHE DEFAULT CELL_FLASH_CACHE DEFAULT)
  TABLESPACE "DATA" ;
--------------------------------------------------------
--  DDL for Index RESERVATION_STATUS_PK
--------------------------------------------------------

  CREATE UNIQUE INDEX "HOTEL"."RESERVATION_STATUS_PK" ON "HOTEL"."RESERVATION_STATUS" ("ID") 
  PCTFREE 10 INITRANS 2 MAXTRANS 255 COMPUTE STATISTICS 
  STORAGE(INITIAL 65536 NEXT 1048576 MINEXTENTS 1 MAXEXTENTS 2147483645
  PCTINCREASE 0 FREELISTS 1 FREELIST GROUPS 1
  BUFFER_POOL DEFAULT FLASH_CACHE DEFAULT CELL_FLASH_CACHE DEFAULT)
  TABLESPACE "DATA" ;
--------------------------------------------------------
--  DDL for Index ROOM_PK
--------------------------------------------------------

  CREATE UNIQUE INDEX "HOTEL"."ROOM_PK" ON "HOTEL"."ROOM" ("ID") 
  PCTFREE 10 INITRANS 2 MAXTRANS 255 COMPUTE STATISTICS 
  STORAGE(INITIAL 65536 NEXT 1048576 MINEXTENTS 1 MAXEXTENTS 2147483645
  PCTINCREASE 0 FREELISTS 1 FREELIST GROUPS 1
  BUFFER_POOL DEFAULT FLASH_CACHE DEFAULT CELL_FLASH_CACHE DEFAULT)
  TABLESPACE "DATA" ;
--------------------------------------------------------
--  DDL for Index ROOM_TYPE_PK
--------------------------------------------------------

  CREATE UNIQUE INDEX "HOTEL"."ROOM_TYPE_PK" ON "HOTEL"."ROOM_TYPE" ("ID") 
  PCTFREE 10 INITRANS 2 MAXTRANS 255 COMPUTE STATISTICS 
  STORAGE(INITIAL 65536 NEXT 1048576 MINEXTENTS 1 MAXEXTENTS 2147483645
  PCTINCREASE 0 FREELISTS 1 FREELIST GROUPS 1
  BUFFER_POOL DEFAULT FLASH_CACHE DEFAULT CELL_FLASH_CACHE DEFAULT)
  TABLESPACE "DATA" ;
--------------------------------------------------------
--  DDL for Index SEASON_PRICING_PK
--------------------------------------------------------

  CREATE UNIQUE INDEX "HOTEL"."SEASON_PRICING_PK" ON "HOTEL"."SEASON_PRICING" ("ID") 
  PCTFREE 10 INITRANS 2 MAXTRANS 255 COMPUTE STATISTICS 
  STORAGE(INITIAL 65536 NEXT 1048576 MINEXTENTS 1 MAXEXTENTS 2147483645
  PCTINCREASE 0 FREELISTS 1 FREELIST GROUPS 1
  BUFFER_POOL DEFAULT FLASH_CACHE DEFAULT CELL_FLASH_CACHE DEFAULT)
  TABLESPACE "DATA" ;
--------------------------------------------------------
--  Constraints for Table DOCUMENT_TYPE
--------------------------------------------------------

  ALTER TABLE "HOTEL"."DOCUMENT_TYPE" MODIFY ("ID" NOT NULL ENABLE);
  ALTER TABLE "HOTEL"."DOCUMENT_TYPE" MODIFY ("NAME" NOT NULL ENABLE);
  ALTER TABLE "HOTEL"."DOCUMENT_TYPE" ADD CONSTRAINT "DOCUMENT_TYPE_PK" PRIMARY KEY ("ID")
  USING INDEX PCTFREE 10 INITRANS 2 MAXTRANS 255 COMPUTE STATISTICS 
  STORAGE(INITIAL 65536 NEXT 1048576 MINEXTENTS 1 MAXEXTENTS 2147483645
  PCTINCREASE 0 FREELISTS 1 FREELIST GROUPS 1
  BUFFER_POOL DEFAULT FLASH_CACHE DEFAULT CELL_FLASH_CACHE DEFAULT)
  TABLESPACE "DATA"  ENABLE;
--------------------------------------------------------
--  Constraints for Table GUEST
--------------------------------------------------------

  ALTER TABLE "HOTEL"."GUEST" MODIFY ("ID" NOT NULL ENABLE);
  ALTER TABLE "HOTEL"."GUEST" MODIFY ("FIRST_NAME" NOT NULL ENABLE);
  ALTER TABLE "HOTEL"."GUEST" MODIFY ("LAST_NAME" NOT NULL ENABLE);
  ALTER TABLE "HOTEL"."GUEST" MODIFY ("NATIONALITY" NOT NULL ENABLE);
  ALTER TABLE "HOTEL"."GUEST" MODIFY ("DOCUMENT_ID" NOT NULL ENABLE);
  ALTER TABLE "HOTEL"."GUEST" MODIFY ("BIRTH_DATE" NOT NULL ENABLE);
  ALTER TABLE "HOTEL"."GUEST" MODIFY ("RESERVATION_ID" NOT NULL ENABLE);
  ALTER TABLE "HOTEL"."GUEST" MODIFY ("DOCUMENT_TYPE_ID" NOT NULL ENABLE);
  ALTER TABLE "HOTEL"."GUEST" MODIFY ("STATUS_ID" NOT NULL ENABLE);
  ALTER TABLE "HOTEL"."GUEST" ADD CONSTRAINT "GUEST_PK" PRIMARY KEY ("ID")
  USING INDEX PCTFREE 10 INITRANS 2 MAXTRANS 255 COMPUTE STATISTICS 
  STORAGE(INITIAL 65536 NEXT 1048576 MINEXTENTS 1 MAXEXTENTS 2147483645
  PCTINCREASE 0 FREELISTS 1 FREELIST GROUPS 1
  BUFFER_POOL DEFAULT FLASH_CACHE DEFAULT CELL_FLASH_CACHE DEFAULT)
  TABLESPACE "DATA"  ENABLE;
--------------------------------------------------------
--  Constraints for Table GUEST_STATUS
--------------------------------------------------------

  ALTER TABLE "HOTEL"."GUEST_STATUS" MODIFY ("ID" NOT NULL ENABLE);
  ALTER TABLE "HOTEL"."GUEST_STATUS" MODIFY ("STATUS_NAME" NOT NULL ENABLE);
  ALTER TABLE "HOTEL"."GUEST_STATUS" ADD CONSTRAINT "STATUS_PK" PRIMARY KEY ("ID")
  USING INDEX PCTFREE 10 INITRANS 2 MAXTRANS 255 COMPUTE STATISTICS 
  STORAGE(INITIAL 65536 NEXT 1048576 MINEXTENTS 1 MAXEXTENTS 2147483645
  PCTINCREASE 0 FREELISTS 1 FREELIST GROUPS 1
  BUFFER_POOL DEFAULT FLASH_CACHE DEFAULT CELL_FLASH_CACHE DEFAULT)
  TABLESPACE "DATA"  ENABLE;
  ALTER TABLE "HOTEL"."GUEST_STATUS" MODIFY ("MULTIPLIER" NOT NULL ENABLE);
--------------------------------------------------------
--  Constraints for Table GUESTS_IN_RESERVATION
--------------------------------------------------------

  ALTER TABLE "HOTEL"."GUESTS_IN_RESERVATION" MODIFY ("GUEST_ID" NOT NULL ENABLE);
  ALTER TABLE "HOTEL"."GUESTS_IN_RESERVATION" MODIFY ("RESERVATION_ID" NOT NULL ENABLE);
  ALTER TABLE "HOTEL"."GUESTS_IN_RESERVATION" ADD CONSTRAINT "GUESTS_IN_RESERVATION_PK" PRIMARY KEY ("GUEST_ID", "RESERVATION_ID")
  USING INDEX PCTFREE 10 INITRANS 2 MAXTRANS 255 COMPUTE STATISTICS 
  STORAGE(INITIAL 65536 NEXT 1048576 MINEXTENTS 1 MAXEXTENTS 2147483645
  PCTINCREASE 0 FREELISTS 1 FREELIST GROUPS 1
  BUFFER_POOL DEFAULT FLASH_CACHE DEFAULT CELL_FLASH_CACHE DEFAULT)
  TABLESPACE "DATA"  ENABLE;
--------------------------------------------------------
--  Constraints for Table PAYMENT
--------------------------------------------------------

  ALTER TABLE "HOTEL"."PAYMENT" MODIFY ("ID" NOT NULL ENABLE);
  ALTER TABLE "HOTEL"."PAYMENT" MODIFY ("AMOUNT" NOT NULL ENABLE);
  ALTER TABLE "HOTEL"."PAYMENT" MODIFY ("PAYMENT_TYPE_ID" NOT NULL ENABLE);
  ALTER TABLE "HOTEL"."PAYMENT" ADD CONSTRAINT "PAYMENT_PK" PRIMARY KEY ("ID")
  USING INDEX PCTFREE 10 INITRANS 2 MAXTRANS 255 COMPUTE STATISTICS 
  STORAGE(INITIAL 65536 NEXT 1048576 MINEXTENTS 1 MAXEXTENTS 2147483645
  PCTINCREASE 0 FREELISTS 1 FREELIST GROUPS 1
  BUFFER_POOL DEFAULT FLASH_CACHE DEFAULT CELL_FLASH_CACHE DEFAULT)
  TABLESPACE "DATA"  ENABLE;
--------------------------------------------------------
--  Constraints for Table PAYMENT_TYPE
--------------------------------------------------------

  ALTER TABLE "HOTEL"."PAYMENT_TYPE" MODIFY ("ID" NOT NULL ENABLE);
  ALTER TABLE "HOTEL"."PAYMENT_TYPE" MODIFY ("NAME" NOT NULL ENABLE);
  ALTER TABLE "HOTEL"."PAYMENT_TYPE" ADD CONSTRAINT "PAYMENT_TYPE_PK" PRIMARY KEY ("ID")
  USING INDEX PCTFREE 10 INITRANS 2 MAXTRANS 255 COMPUTE STATISTICS 
  STORAGE(INITIAL 65536 NEXT 1048576 MINEXTENTS 1 MAXEXTENTS 2147483645
  PCTINCREASE 0 FREELISTS 1 FREELIST GROUPS 1
  BUFFER_POOL DEFAULT FLASH_CACHE DEFAULT CELL_FLASH_CACHE DEFAULT)
  TABLESPACE "DATA"  ENABLE;
--------------------------------------------------------
--  Constraints for Table PAYMENTS_FOR_RESERVATION
--------------------------------------------------------

  ALTER TABLE "HOTEL"."PAYMENTS_FOR_RESERVATION" MODIFY ("RESERVATION_ID" NOT NULL ENABLE);
  ALTER TABLE "HOTEL"."PAYMENTS_FOR_RESERVATION" MODIFY ("PAYMENT_ID" NOT NULL ENABLE);
  ALTER TABLE "HOTEL"."PAYMENTS_FOR_RESERVATION" ADD CONSTRAINT "PAYMENTS_FOR_RESERVATION_PK" PRIMARY KEY ("PAYMENT_ID", "RESERVATION_ID")
  USING INDEX PCTFREE 10 INITRANS 2 MAXTRANS 255 COMPUTE STATISTICS 
  STORAGE(INITIAL 65536 NEXT 1048576 MINEXTENTS 1 MAXEXTENTS 2147483645
  PCTINCREASE 0 FREELISTS 1 FREELIST GROUPS 1
  BUFFER_POOL DEFAULT FLASH_CACHE DEFAULT CELL_FLASH_CACHE DEFAULT)
  TABLESPACE "DATA"  ENABLE;
--------------------------------------------------------
--  Constraints for Table RESERVATION
--------------------------------------------------------

  ALTER TABLE "HOTEL"."RESERVATION" MODIFY ("ID" NOT NULL ENABLE);
  ALTER TABLE "HOTEL"."RESERVATION" MODIFY ("CREATION_DATE" NOT NULL ENABLE);
  ALTER TABLE "HOTEL"."RESERVATION" MODIFY ("CHECKIN_DATE" NOT NULL ENABLE);
  ALTER TABLE "HOTEL"."RESERVATION" MODIFY ("CHECKOUT_DATE" NOT NULL ENABLE);
  ALTER TABLE "HOTEL"."RESERVATION" MODIFY ("ROOM_ID" NOT NULL ENABLE);
  ALTER TABLE "HOTEL"."RESERVATION" MODIFY ("RESERVATION_STATUS_ID" NOT NULL ENABLE);
  ALTER TABLE "HOTEL"."RESERVATION" ADD CONSTRAINT "RESERVATION_PK" PRIMARY KEY ("ID")
  USING INDEX PCTFREE 10 INITRANS 2 MAXTRANS 255 COMPUTE STATISTICS 
  STORAGE(INITIAL 65536 NEXT 1048576 MINEXTENTS 1 MAXEXTENTS 2147483645
  PCTINCREASE 0 FREELISTS 1 FREELIST GROUPS 1
  BUFFER_POOL DEFAULT FLASH_CACHE DEFAULT CELL_FLASH_CACHE DEFAULT)
  TABLESPACE "DATA"  ENABLE;
  ALTER TABLE "HOTEL"."RESERVATION" MODIFY ("PRICE" NOT NULL ENABLE);
--------------------------------------------------------
--  Constraints for Table RESERVATION_STATUS
--------------------------------------------------------

  ALTER TABLE "HOTEL"."RESERVATION_STATUS" MODIFY ("ID" NOT NULL ENABLE);
  ALTER TABLE "HOTEL"."RESERVATION_STATUS" MODIFY ("NAME" NOT NULL ENABLE);
  ALTER TABLE "HOTEL"."RESERVATION_STATUS" ADD CONSTRAINT "RESERVATION_STATUS_PK" PRIMARY KEY ("ID")
  USING INDEX PCTFREE 10 INITRANS 2 MAXTRANS 255 COMPUTE STATISTICS 
  STORAGE(INITIAL 65536 NEXT 1048576 MINEXTENTS 1 MAXEXTENTS 2147483645
  PCTINCREASE 0 FREELISTS 1 FREELIST GROUPS 1
  BUFFER_POOL DEFAULT FLASH_CACHE DEFAULT CELL_FLASH_CACHE DEFAULT)
  TABLESPACE "DATA"  ENABLE;
--------------------------------------------------------
--  Constraints for Table ROOM
--------------------------------------------------------

  ALTER TABLE "HOTEL"."ROOM" MODIFY ("MAX_TENANTS" NOT NULL ENABLE);
  ALTER TABLE "HOTEL"."ROOM" MODIFY ("ROOM_TYPE_ID" NOT NULL ENABLE);
  ALTER TABLE "HOTEL"."ROOM" ADD CONSTRAINT "ROOM_PK" PRIMARY KEY ("ID")
  USING INDEX PCTFREE 10 INITRANS 2 MAXTRANS 255 COMPUTE STATISTICS 
  STORAGE(INITIAL 65536 NEXT 1048576 MINEXTENTS 1 MAXEXTENTS 2147483645
  PCTINCREASE 0 FREELISTS 1 FREELIST GROUPS 1
  BUFFER_POOL DEFAULT FLASH_CACHE DEFAULT CELL_FLASH_CACHE DEFAULT)
  TABLESPACE "DATA"  ENABLE;
--------------------------------------------------------
--  Constraints for Table ROOM_TYPE
--------------------------------------------------------

  ALTER TABLE "HOTEL"."ROOM_TYPE" MODIFY ("ID" NOT NULL ENABLE);
  ALTER TABLE "HOTEL"."ROOM_TYPE" MODIFY ("NAME" NOT NULL ENABLE);
  ALTER TABLE "HOTEL"."ROOM_TYPE" MODIFY ("BASE_PRICE" NOT NULL ENABLE);
  ALTER TABLE "HOTEL"."ROOM_TYPE" ADD CONSTRAINT "ROOM_TYPE_PK" PRIMARY KEY ("ID")
  USING INDEX PCTFREE 10 INITRANS 2 MAXTRANS 255 COMPUTE STATISTICS 
  STORAGE(INITIAL 65536 NEXT 1048576 MINEXTENTS 1 MAXEXTENTS 2147483645
  PCTINCREASE 0 FREELISTS 1 FREELIST GROUPS 1
  BUFFER_POOL DEFAULT FLASH_CACHE DEFAULT CELL_FLASH_CACHE DEFAULT)
  TABLESPACE "DATA"  ENABLE;
--------------------------------------------------------
--  Constraints for Table SEASON_PRICING
--------------------------------------------------------

  ALTER TABLE "HOTEL"."SEASON_PRICING" MODIFY ("ID" NOT NULL ENABLE);
  ALTER TABLE "HOTEL"."SEASON_PRICING" MODIFY ("START_DATE" NOT NULL ENABLE);
  ALTER TABLE "HOTEL"."SEASON_PRICING" MODIFY ("END_DATE" NOT NULL ENABLE);
  ALTER TABLE "HOTEL"."SEASON_PRICING" MODIFY ("MULTIPLIER" NOT NULL ENABLE);
  ALTER TABLE "HOTEL"."SEASON_PRICING" ADD CONSTRAINT "SEASON_PRICING_PK" PRIMARY KEY ("ID")
  USING INDEX PCTFREE 10 INITRANS 2 MAXTRANS 255 COMPUTE STATISTICS 
  STORAGE(INITIAL 65536 NEXT 1048576 MINEXTENTS 1 MAXEXTENTS 2147483645
  PCTINCREASE 0 FREELISTS 1 FREELIST GROUPS 1
  BUFFER_POOL DEFAULT FLASH_CACHE DEFAULT CELL_FLASH_CACHE DEFAULT)
  TABLESPACE "DATA"  ENABLE;
--------------------------------------------------------
--  Ref Constraints for Table GUEST
--------------------------------------------------------

  ALTER TABLE "HOTEL"."GUEST" ADD CONSTRAINT "GST_DCMNT_TP_FK" FOREIGN KEY ("DOCUMENT_TYPE_ID")
	  REFERENCES "HOTEL"."DOCUMENT_TYPE" ("ID") ENABLE;
  ALTER TABLE "HOTEL"."GUEST" ADD CONSTRAINT "GST_STS_FK" FOREIGN KEY ("STATUS_ID")
	  REFERENCES "HOTEL"."GUEST_STATUS" ("ID") ENABLE;
--------------------------------------------------------
--  Ref Constraints for Table GUESTS_IN_RESERVATION
--------------------------------------------------------

  ALTER TABLE "HOTEL"."GUESTS_IN_RESERVATION" ADD CONSTRAINT "GSTS_IN_RSRV_GST_FK" FOREIGN KEY ("GUEST_ID")
	  REFERENCES "HOTEL"."GUEST" ("ID") ENABLE;
  ALTER TABLE "HOTEL"."GUESTS_IN_RESERVATION" ADD CONSTRAINT "GSTS_IN_RSRV_RSRV_FK" FOREIGN KEY ("RESERVATION_ID")
	  REFERENCES "HOTEL"."RESERVATION" ("ID") ENABLE;
--------------------------------------------------------
--  Ref Constraints for Table PAYMENT
--------------------------------------------------------

  ALTER TABLE "HOTEL"."PAYMENT" ADD CONSTRAINT "PYMNT_PYMNT_TP_FK" FOREIGN KEY ("PAYMENT_TYPE_ID")
	  REFERENCES "HOTEL"."PAYMENT_TYPE" ("ID") ENABLE;
--------------------------------------------------------
--  Ref Constraints for Table PAYMENTS_FOR_RESERVATION
--------------------------------------------------------

  ALTER TABLE "HOTEL"."PAYMENTS_FOR_RESERVATION" ADD CONSTRAINT "PYMNTS_FOR_RSRV_PYMNT_FK" FOREIGN KEY ("PAYMENT_ID")
	  REFERENCES "HOTEL"."PAYMENT" ("ID") ENABLE;
  ALTER TABLE "HOTEL"."PAYMENTS_FOR_RESERVATION" ADD CONSTRAINT "PYMNTS_FOR_RSRV_RSVR_FK" FOREIGN KEY ("RESERVATION_ID")
	  REFERENCES "HOTEL"."RESERVATION" ("ID") ENABLE;
--------------------------------------------------------
--  Ref Constraints for Table RESERVATION
--------------------------------------------------------

  ALTER TABLE "HOTEL"."RESERVATION" ADD CONSTRAINT "RSRV_RM_FK" FOREIGN KEY ("ROOM_ID")
	  REFERENCES "HOTEL"."ROOM" ("ID") ENABLE;
  ALTER TABLE "HOTEL"."RESERVATION" ADD CONSTRAINT "RSRV_RSRV_STS_FK" FOREIGN KEY ("RESERVATION_STATUS_ID")
	  REFERENCES "HOTEL"."RESERVATION_STATUS" ("ID") ENABLE;
--------------------------------------------------------
--  Ref Constraints for Table ROOM
--------------------------------------------------------

  ALTER TABLE "HOTEL"."ROOM" ADD CONSTRAINT "RM_RM_TP_FK" FOREIGN KEY ("ROOM_TYPE_ID")
	  REFERENCES "HOTEL"."ROOM_TYPE" ("ID") ENABLE;
